Sr,Area,District,State,Address,Contact Number,Latitude,Longitude
1,Dankuni,Hooghly,West Bengal,"Dankuni,West Bengal",9804000000,22.6809296,88.2970142
6,Kolkata,Kolkata,West Bengal,"Kolkata,West Bengal",8910096323,22.572646,88.363895
8,Kolkata,Kolkata,West Bengal,"Kolkata,West Bengal",8240337543,22.572646,88.363895
10,Saltlake,South 24 parganas,West Bengal,"Salt Lake,West Bengal",9339969160,22.5796842,88.414312
11,Beleghata,Kolkata,West Bengal,"Beleghata,West Bengal",9007908940,22.5628793,88.3962477
12,Habra,North 24 parganas,West Bengal,"Habra,West Bengal",7003873030,22.8408094,88.6535105
13,Habra,North 24 parganas,West Bengal,"Habra,West Bengal",9883272794,22.8408094,88.6535105
14,South kolkata,Kolkata,West Bengal,"South Kolkata,West Bengal",801398551,22.572646,88.363895
15,South kolkata,Kolkata,West Bengal,"South Kolkata,West Bengal",9903999641,22.572646,88.363895
16,South kolkata,Kolkata,West Bengal,"South Kolkata,West Bengal",9830771061,22.572646,88.363895
23,Barrackpore,North 24 parganas,West Bengal,"Barrackpore,West Bengal",7686920344,22.7674278,88.3883455
24,Howrah,Howrah,West Bengal,"Howrah,West Bengal",7890982667,22.5957689,88.2636394
26,Barrackpore,North 24 parganas,West Bengal,"Barrackpore,West Bengal",9163365148,22.7674278,88.3883455
27,Kolkata,Kolkata,West Bengal,"Kolkata,West Bengal",9434343870,22.572646,88.363895
28,Kolkata,Kolkata,West Bengal,"Kolkata,West Bengal",9674894610,22.572646,88.363895
29,Kolkata,Kolkata,West Bengal,"Kolkata,West Bengal",9875311445,22.572646,88.363895
32,Kolkata,Kolkata,West Bengal,"Kolkata,West Bengal",9002534659,22.572646,88.363895
33,Kolkata,Kolkata,West Bengal,"Kolkata,West Bengal",9163255142,22.572646,88.363895
36,Jadavpur,Kolkata,West Bengal,"Jadavpur,West Bengal",8910898785,,
40,Baghajatin,Kolkata,West Bengal,"Baghajatin,West Bengal",0644 64248,,
42,South kolkata,Kolkata,West Bengal,"South Kolkata,West Bengal",9831213495,,
43,Ballygunge,Kolkata,West Bengal,"Ballygunge,West Bengal",8742 55412,,
44,Jadavpur,Kolkata,West Bengal,"Jadavpur,West Bengal",9836542541,,
46,North kolkata,Kolkata,West Bengal,"North Kolkata,West Bengal",4201 84573,,
47,North kolkata,Kolkata,West Bengal,"North Kolkata,West Bengal",0131 80306,,
48,North kolkata,Kolkata,West Bengal,"North Kolkata,West Bengal",9067 67024,,
49,North kolkata,Kolkata,West Bengal,"North Kolkata,West Bengal",4391 74645,,
75,Belgachia,Kolkata,West Bengal,"Belgachia,West Bengal",7003054589,,
76,Belgachia,Kolkata,West Bengal,"Belgachia,West Bengal",9831105603,,
80,Lake town,North 24 parganas,West Bengal,"Laketown-Jessore,West Bengal",6289235283,,
81,Malda,Maldah,West Bengal,"Malda,West Bengal",7407467847,,
82,Ranaghat,Nadia,West Bengal,"Ranaghat,West Bengal",7908653384,,
83,Khardaha,North 24 parganas,West Bengal,"Kharda,West Bengal",8017325744,,
84,Barrackpore,North 24 parganas,West Bengal,"Barrackpore,West Bengal",8017572968,,
86,Barrackpore,North 24 parganas,West Bengal,"Barrackpore,West Bengal",8388030406,,
92,Baguiati,North 24 parganas,West Bengal,"Baguiati-Nagerbajar-Hatiyara-Chinarpark,West Bengal",8910705448,,
94,Khardaha,North 24 parganas,West Bengal,"Kharda,West Bengal",9231916467,,
96,Chakdaha,Nadia,West Bengal,"Chakdaha,West Bengal",9378280243,,
97,Lake town,North 24 parganas,West Bengal,"Laketown-Jessore,West Bengal",9431119656,,
105,Barasat,North 24 parganas,West Bengal,"Barasat,West Bengal",9748659459,,
106,Budge budge,South 24 parganas,West Bengal,"Budge Budge,West Bengal",3324823500,,
108,Nadia,Nadia,West Bengal,"Nadia,West Bengal",7003687793,,
111,Thakurpukur,South 24 parganas,West Bengal,"Thakurpukur,West Bengal",7059564431,,
116,Dakhineshwar,North 24 parganas,West Bengal,"Dakkhineswar,West Bengal",8240030842,,
117,Nadia,Nadia,West Bengal,"Nadia,West Bengal",8240250270,,
118,Ahiritola,Kolkata,West Bengal,"Ahiritola,West Bengal",8420184573,,
119,Kalyani,Nadia,West Bengal,"Kalyani,West Bengal",8583949244,,
120,Palta,North 24 parganas,West Bengal,"Palta,West Bengal",8697380182,,
122,Shyambazar,Kolkata,West Bengal,"Shyambajar,West Bengal",8777068225,,
123,Khardaha,North 24 parganas,West Bengal,"Kharda,West Bengal",8961279610,,
124,Rajarhat,North 24 parganas,West Bengal,"Rajarhat,West Bengal",8981186883,,
128,Chakdaha,Nadia,West Bengal,"Chakdaha,West Bengal",9144538678,,
129,Bhakuri,Murshidabad,West Bengal,"Bhakuri,West Bengal",9153111486,,
130,Hooghly,Hooghly,West Bengal,"Hoogly-Bandel,West Bengal",9331769575,,
133,Ranaghat,Nadia,West Bengal,"Ranaghat,West Bengal",9434056622,,
135,Purba medinipur,Purba medinipur,West Bengal,"Purba Medinipur,West Bengal",9733900309,,
137,Newtown,North 24 parganas,West Bengal,"Newtown,West Bengal",9830134888,,
138,Kolkata,Kolkata,West Bengal,"Kolkata,West Bengal",9831919933,,
142,Behala,South 24 parganas,West Bengal,"Behala,West Bengal",9830023540,,
145,Midnapore,Paschim medinipur,West Bengal,"Paschim Medinipur,West Bengal",9733617757,,
147,Shibpur,Howrah,West Bengal,"Shibpur,West Bengal",9804144993,,
179,Burdwan,Purba bardhaman,West Bengal,"N A,West Bengal",6289722885,,
183,Katwa,Purba bardhaman,West Bengal,"Katwa Burdwan,West Bengal",9434311962,,
207,Kolkata,Kolkata,West Bengal,"All Over Kolkata Salt Lake,West Bengal",7665782835,,
209,Purba medinipur,Purba medinipur,West Bengal,"East Midnapore,West Bengal",9734534943,,
218,Durgapur,Paschim bardhaman,West Bengal,"Durgapur Area,West Bengal",9832426365,,
219,Saltlake,South 24 parganas,West Bengal,"Saltlake,West Bengal",6289865752,,
220,Durgapur,Paschim bardhaman,West Bengal,"Durgapur,West Bengal",9333857616,,
224,Alambazar tantipara,North 24 parganas,West Bengal,"Alam Bazar Tantipara,West Bengal",7003284435,,
226,Malda,Maldah,West Bengal,"Malda Only Govt Hospitals And Some Nursing Homes,West Bengal",9734475423,,
230,Krishnanagar,Nadia,West Bengal,"Krishna Nagar,West Bengal",8637082106,,
238,Nimtabazar,North 24 parganas,West Bengal,"Nimtabazar,West Bengal",9733868063,,
241,Tallitala club,Cooch behar,West Bengal,"Tallitala Club Cooch Bihar,West Bengal",9434191482,,
247,Habra,North 24 parganas,West Bengal,"Only In Habra,West Bengal",9800190853,,
249,Bowbazar,Kolkata,West Bengal,"Bowbazar,West Bengal",9832156043,,
252,Suri,Birbhum,West Bengal,"Suri Bolpur,West Bengal",7584850123,,
255,Suri,Birbhum,West Bengal,"Suri,West Bengal",9434249319,,
259,Howrah,Howrah,West Bengal,"Howrah Don Bosco,West Bengal",7980535835,,
262,Agarpara,North 24 parganas,West Bengal,"Agarpara,West Bengal",8961279160,,
263,Hooghly,Hooghly,West Bengal,"Hoogly,West Bengal",7596056443,,
268,Dum dum,North 24 parganas,West Bengal,"Dumdum,West Bengal",7439773807,,
290,Lake town,North 24 parganas,West Bengal,"Lake Town,West Bengal",70010 29440,,
295,Lake mall,Kolkata,West Bengal,#REF!,9831213493,,
296,Lake mall,Kolkata,West Bengal,#REF!,9831213495,,
297,Near alipore,Kolkata,West Bengal,#REF!,9831195995 / 9831768684,,
299,Madhyamgram,North 24 parganas,West Bengal,#REF!,9886849535,,
305,Kolkata,Kolkata,West Bengal,#REF!,9748722721,,
307,Purulia,Purulia,West Bengal,#REF!,6289160044,,
309,Khidirpur,Kolkata,West Bengal,#REF!,9883224867,,
310,Park circus,Kolkata,West Bengal,#REF!,6289801204,,
311,Kolkata,Kolkata,West Bengal,#REF!,3340918181,,
313,Newtown,North 24 parganas,West Bengal,#REF!,8697242012 / 7439729315,,
314,Siliguri,Darjeeling,West Bengal,#REF!,7557091040 / 9434008040 / 9434012435 / 9832011520,,
315,Bolpur,Birbhum,West Bengal,#REF!,8016857603,,
317,Behala,South 24 parganas,West Bengal,#REF!,9830237206 / 8013985515,,
318,Behala,South 24 parganas,West Bengal,#REF!,9830023540 / 9007882261,,
319,Behala,South 24 parganas,West Bengal,#REF!,8617224256 / 9831523226,,
321,South kolkata,Kolkata,West Bengal,#REF!,9874843794 / 9674903883,,
322,South kolkata,Kolkata,West Bengal,#REF!,7003734340 / 9836035945,,
323,South kolkata,Kolkata,West Bengal,#REF!,9432362856 / 9674903883,,
324,South kolkata,Kolkata,West Bengal,#REF!,9831919933 / 8420266335,,
325,South kolkata,Kolkata,West Bengal,#REF!,9836348840,,
326,Garia,South 24 parganas,West Bengal,#REF!,9330931322 / 7059323029,,
327,Gariahat,Kolkata,West Bengal,#REF!,7044074009 / 9073208104,,
328,North kolkata,Kolkata,West Bengal,#REF!,9734983911 / 9431119656,,
329,Shyambazar,Kolkata,West Bengal,#REF!,7947417396,,
330,Shovabazar,Kolkata,West Bengal,#REF!,7947419316,,
331,Vivekananda road,Kolkata,West Bengal,#REF!,7947147003,,
333,Dum dum,North 24 parganas,West Bengal,#REF!,9007427926 / 9748613508,,
335,Jadavpur,Kolkata,West Bengal,#REF!,8910898785 / 9830048199,,
337,Saltlake,South 24 parganas,West Bengal,#REF!,628986572,,
344,Barrackpore,North 24 parganas,West Bengal,#REF!,9831835777 / 9874443534 / 7003376920,,
348,Malda,Maldah,West Bengal,#REF!,8249079470,,
349,Baghajatin,Kolkata,West Bengal,#REF!,8240711771,,
354,Krishnanagar,Nadia,West Bengal,#REF!,9851804260,,
357,Behala,South 24 parganas,West Bengal,#REF!,7003537716,,
359,Kolkata,Kolkata,West Bengal,#REF!,8800092319/8910972805,,
360,Bishnupur,Bankura,West Bengal,#REF!,7001707405,,
361,Kolkata,Kolkata,West Bengal,#REF!,9007307499 /9831213495,,
363,Kolkata,Kolkata,West Bengal,#REF!,9330800161/ 9836485818,,
364,Halisahar,North 24 parganas,West Bengal,#REF!,8777688936,,
365,Kolkata,Kolkata,West Bengal,#REF!,7890066630 / 6291147446,,
373,Baranagar,North 24 parganas,West Bengal,#REF!,8981334782/9432864828,,
374,Kolkata,Kolkata,West Bengal,#REF!,9038643178,,
378,Kolkata,Kolkata,West Bengal,#REF!,6290295411,,
379,Mukundapur,South 24 parganas,West Bengal,#REF!,7890629585/9007223378,,
380,South kolkata,Kolkata,West Bengal,#REF!,9903894200,,
383,Garia,South 24 parganas,West Bengal,#REF!,"9433441450, 7044957222",,
384,Garia,South 24 parganas,West Bengal,#REF!,9831014574,,
390,Baguiati,North 24 parganas,West Bengal,#REF!,8017483667,,
396,Baranagar,North 24 parganas,West Bengal,#REF!,8981334782 / 9432864828,,
403,Barasat,North 24 parganas,West Bengal,#REF!,9830126245 / 9007915501,,
414,Behala,South 24 parganas,West Bengal,#REF!,033 66021600,,
418,Bongaon,North 24 parganas,West Bengal,#REF!,9332218255,,
419,Bongaon,North 24 parganas,West Bengal,#REF!,9775642016,,
424,Chinsurah,Hooghly,West Bengal,#REF!,033-2680-3121,,
456,Khardaha,North 24 parganas,West Bengal,#REF!,9838788568,,
457,Khayramari,Murshidabad,West Bengal,#REF!,9735712691,,
473,Kolkata,Kolkata,West Bengal,#REF!,6289361752,,
477,Kolkata,Kolkata,West Bengal,#REF!,9830056776,,
478,Kolkata,Kolkata,West Bengal,#REF!,9831021208,,
481,Kolkata,Kolkata,West Bengal,#REF!,3324654234,,
482,Kolkata,Kolkata,West Bengal,#REF!,9836481891,,
483,Kolkata,Kolkata,West Bengal,#REF!,9051299999,,
484,Kolkata,Kolkata,West Bengal,#REF!,9830144966,,
485,Kolkata,Kolkata,West Bengal,#REF!,9830067018,,
489,Kolkata,Kolkata,West Bengal,#REF!,98364 81891,,
490,Kolkata,Kolkata,West Bengal,#REF!,96745 08854,,
491,Kolkata,Kolkata,West Bengal,#REF!,90073 07499,,
492,Kolkata,Kolkata,West Bengal,#REF!,84200 04004,,
493,Kolkata,Kolkata,West Bengal,#REF!,79806 36271,,
494,Kolkata,Kolkata,West Bengal,#REF!,98365 65064,,
495,Kolkata,Kolkata,West Bengal,#REF!,90074 27926,,
508,Madhyamgram,North 24 parganas,West Bengal,#REF!,7059564431,,
538,Shyamnagar,North 24 parganas,West Bengal,#REF!,6290490078,,
541,Siliguri,Darjeeling,West Bengal,#REF!,98320 38638,,
551,Tollygunge,Kolkata,West Bengal,#REF!,9903323331,,
558,Raghunathpur,Purulia,West Bengal,#REF!,7001298449,,
562,Ranaghat,Nadia,West Bengal,#REF!,8240250270 / 7003687793,,
567,Baghajatin,Kolkata,West Bengal,#REF!,9143480005,,
571,Baguiati,North 24 parganas,West Bengal,#REF!,9831514085,,
572,Baguiati,North 24 parganas,West Bengal,#REF!,8420257421,,
581,Ballygunge,Kolkata,West Bengal,#REF!,9833889188,,
583,Bamungachi,North 24 parganas,West Bengal,#REF!,9830456192,,
585,Bangaon,North 24 parganas,West Bengal,#REF!,8918071202,,
586,Bangaon,North 24 parganas,West Bengal,#REF!,9733868063,,
588,Baranagar,North 24 parganas,West Bengal,#REF!,9903670709,,
589,Baranagar,North 24 parganas,West Bengal,#REF!,8981334782,,
590,Baranagar,North 24 parganas,West Bengal,#REF!,8509737721,,
591,Baranagar,North 24 parganas,West Bengal,#REF!,9836035945,,
592,Baranagar,North 24 parganas,West Bengal,#REF!,9748621067,,
594,Baranagar,North 24 parganas,West Bengal,#REF!,7003734340,,
595,Baranagar,North 24 parganas,West Bengal,#REF!,9836958081,,
596,Barasat,North 24 parganas,West Bengal,#REF!,9433314528,,
598,Barasat,North 24 parganas,West Bengal,#REF!,9123887131,,
601,Barasat,North 24 parganas,West Bengal,#REF!,9830126245,,
604,Barrackpore,North 24 parganas,West Bengal,#REF!,8910645508,,
605,Barrackpore,North 24 parganas,West Bengal,#REF!,9831660205,,
607,Barrackpore,North 24 parganas,West Bengal,#REF!,8337042668,,
608,Baruipur,South 24 parganas,West Bengal,#REF!,8240045005,,
611,Batanagar,South 24 parganas,West Bengal,#REF!,9903320217,,
612,Batanagar,South 24 parganas,West Bengal,#REF!,9830501331,,
613,Batanagar,South 24 parganas,West Bengal,#REF!,9830866629,,
615,Behala,South 24 parganas,West Bengal,#REF!,9163466235,,
616,Behala,South 24 parganas,West Bengal,#REF!,9883214778,,
617,Behala,South 24 parganas,West Bengal,#REF!,33 66021600,,
619,Belgachia,Kolkata,West Bengal,#REF!,9804728740,,
620,Belgharia,North 24 parganas,West Bengal,#REF!,7439645406,,
622,Belgharia,North 24 parganas,West Bengal,#REF!,8240358572,,
623,Belgharia,North 24 parganas,West Bengal,#REF!,7439645407,,
624,Beleghata,Kolkata,West Bengal,#REF!,9830560234,,
625,Berhampore,Murshidabad,West Bengal,#REF!,9434755912,,
627,Bidhannagar,South 24 parganas,West Bengal,#REF!,9832426365,,
631,Birati,North 24 parganas,West Bengal,#REF!,9433084447,,
633,Burdwan,Purba bardhaman,West Bengal,#REF!,9332301092,,
634,Burdwan,Purba bardhaman,West Bengal,#REF!,9477489235,,
638,Chandannagar,Hooghly,West Bengal,#REF!,8100902757,,
639,Chandannagar,Hooghly,West Bengal,#REF!,9433542169,,
640,Chandannagar,Hooghly,West Bengal,#REF!,8981494016,,
645,Chinsurah,Hooghly,West Bengal,#REF!,3326803121,,
646,Cooch behar,Cooch behar,West Bengal,#REF!,9635967780,,
649,Dankuni,Hooghly,West Bengal,#REF!,9903374257,,
650,Dankuni,Hooghly,West Bengal,#REF!,9804037559,,
651,Dhakuria,South 24 parganas,West Bengal,#REF!,9330800161,,
665,Dum dum,North 24 parganas,West Bengal,#REF!,8420303670,,
669,Dunlop,North 24 parganas,West Bengal,#REF!,9064464248,,
673,Durgapur,Paschim bardhaman,West Bengal,#REF!,9564884217,,
674,Durgapur,Paschim bardhaman,West Bengal,#REF!,7047680689,,
679,Garia,South 24 parganas,West Bengal,#REF!,9007882261,,
682,Garia,South 24 parganas,West Bengal,#REF!,8013235245,,
683,Garia,South 24 parganas,West Bengal,#REF!,9073141063,,
684,Garia,South 24 parganas,West Bengal,#REF!,789629585,,
691,Golf green,Kolkata,West Bengal,#REF!,8420266335,,
692,Gopalnagar,North 24 parganas,West Bengal,#REF!,9733812238,,
704,Howrah,Howrah,West Bengal,#REF!,9804889804,,
707,Howrah,Howrah,West Bengal,#REF!,8240030842,,
708,Howrah,Howrah,West Bengal,#REF!,8777023675,,
714,Jadavpur,Kolkata,West Bengal,#REF!,70442 03849,,
716,Jodhpur park,Kolkata,West Bengal,#REF!,9830025229,,
718,Kalyani,Nadia,West Bengal,#REF!,9433394461,,
720,Kamarhati,North 24 parganas,West Bengal,#REF!,25632488,,
722,Karunamoyee,South 24 parganas,West Bengal,#REF!,7439977545,,
723,Kasba,Kolkata,West Bengal,#REF!,7980129243,,
724,Kasba,Kolkata,West Bengal,#REF!,9874843794,,
725,Keshtopur,North 24 parganas,West Bengal,#REF!,9331030293,,
730,Khidirpur,Kolkata,West Bengal,#REF!,9836419292,,
732,Kolkata,Kolkata,West Bengal,#REF!,9831081491,,
733,Kolkata,Kolkata,West Bengal,#REF!,9831205205,,
735,Kolkata,Kolkata,West Bengal,#REF!,9674508854,,
737,Kolkata,Kolkata,West Bengal,#REF!,8420004004,,
738,Kolkata,Kolkata,West Bengal,#REF!,7980636271,,
739,Kolkata,Kolkata,West Bengal,#REF!,9836565064,,
740,Kolkata,Kolkata,West Bengal,#REF!,9831103377,,
741,Kolkata,Kolkata,West Bengal,#REF!,9987005090,,
742,Kolkata,Kolkata,West Bengal,#REF!,9830059282,,
746,Kolkata,Kolkata,West Bengal,#REF!,90644 64248,,
747,Saltlake,South 24 parganas,West Bengal,#REF!,7665782835,,
750,Kolkata,Kolkata,West Bengal,#REF!,97486 83892,,
751,Kolkata,Kolkata,West Bengal,#REF!,9830237206,,
752,East kolkata,Kolkata,West Bengal,#REF!,7059323029,,
756,Konnagar,Hooghly,West Bengal,#REF!,8961186149,,
757,Konnagar,Hooghly,West Bengal,#REF!,9231873812,,
758,Konnagar,Hooghly,West Bengal,#REF!,9903902547,,
759,Konnagar,Hooghly,West Bengal,#REF!,8042958746,,
760,Krishnanagar,Nadia,West Bengal,#REF!,7797754930,,
761,Krishnanagar,Nadia,West Bengal,#REF!,9434148811,,
762,Krishnanagar,Nadia,West Bengal,#REF!,9434159862,,
763,Krishnanagar,Nadia,West Bengal,#REF!,8617360073,,
765,Kundughat,Hooghly,West Bengal,#REF!,9748428821,,
766,Kundughat,Hooghly,West Bengal,#REF!,8420083427,,
772,Madhyamgram,North 24 parganas,West Bengal,#REF!,9748761456,,
773,Madhyamgram,North 24 parganas,West Bengal,#REF!,7364076897,,
775,Malda,Maldah,West Bengal,#REF!,9733419417,,
776,Mathakol,Purba bardhaman,West Bengal,#REF!,8777835953,,
779,Milk colony,Kolkata,West Bengal,#REF!,7003054589,,
780,Milk colony,Kolkata,West Bengal,#REF!,9831105603,,
781,Milk colony,Kolkata,West Bengal,#REF!,9830023540,,
782,Moulali,Kolkata,West Bengal,#REF!,8582908287,,
784,Murshidabad,Murshidabad,West Bengal,#REF!,9434641842,,
785,Nadia,Nadia,West Bengal,#REF!,8388992747,,
788,Nagerbajar,North 24 parganas,West Bengal,#REF!,98832 35935,,
790,New barrackpore,North 24 parganas,West Bengal,#REF!,8902034191,,
797,North 24 parganas,North 24 parganas,West Bengal,#REF!,9434116824,,
798,Paikpara,Kolkata,West Bengal,#REF!,8981222432,,
799,Panihati,North 24 parganas,West Bengal,#REF!,7003899871,,
800,Park circus,Kolkata,West Bengal,#REF!,9836237754,,
801,Park street,Kolkata,West Bengal,#REF!,9123816785,,
802,Radhanagar,South 24 parganas,West Bengal,#REF!,7001200154,,
803,Raghunathpur,Purulia,West Bengal,#REF!,9733617759,,
804,Raiganj,Uttar dinajpur,West Bengal,#REF!,9434051222,,
806,Rajarhat,North 24 parganas,West Bengal,#REF!,6295694761,,
807,Ranaghat,Nadia,West Bengal,#REF!,8240250270,,
808,Rashbehari,Kolkata,West Bengal,#REF!,7947405771,,
811,Sahaganj,Hooghly,West Bengal,#REF!,9432257213,,
812,Sainthia,Birbhum,West Bengal,#REF!,7384197999,,
816,Saltlake,South 24 parganas,West Bengal,#REF!,7947407112,,
817,Saltlake,South 24 parganas,West Bengal,#REF!,760509714,,
820,Saltlake,North 24 parganas,West Bengal,#REF!,9674886559,,
821,Santoshpur,Kolkata,West Bengal,#REF!,9836381501,,
822,Science city,Kolkata,West Bengal,#REF!,9123762011,,
823,Serampore,Hooghly,West Bengal,#REF!,9038840685,,
824,Serampore,Hooghly,West Bengal,#REF!,9804006628,,
825,Serampore,Hooghly,West Bengal,#REF!,9874539132,,
829,Siliguri,Darjeeling,West Bengal,#REF!,9002120037,,
830,Siliguri,Darjeeling,West Bengal,#REF!,9832038638,,
832,Siliguri,Darjeeling,West Bengal,#REF!,9434008040,,
833,Siliguri,Darjeeling,West Bengal,#REF!,9434012435,,
834,Siliguri,Darjeeling,West Bengal,#REF!,9832011520,,
835,Siliguri,Darjeeling,West Bengal,#REF!,7864097261,,
836,Siliguri,Darjeeling,West Bengal,#REF!,8336911112,,
837,Siliguri,Darjeeling,West Bengal,#REF!,9831067413,,
838,Siliguri,Darjeeling,West Bengal,#REF!,7003790794,,
839,Siliguri,Darjeeling,West Bengal,#REF!,9051832211,,
840,Siliguri,Darjeeling,West Bengal,#REF!,9831272902,,
841,Siliguri,Darjeeling,West Bengal,#REF!,9002534659,,
842,Siliguri,Darjeeling,West Bengal,#REF!,7003734190,,
843,Siliguri,Darjeeling,West Bengal,#REF!,9163255142,,
844,Siliguri,Darjeeling,West Bengal,#REF!,9832558587,,
845,Siliguri,Darjeeling,West Bengal,#REF!,3532641247,,
846,Siliguri,Darjeeling,West Bengal,#REF!,3532431060,,
847,Siliguri,Darjeeling,West Bengal,#REF!,3532430273,,
848,Sinthi more,Kolkata,West Bengal,#REF!,3836936282,,
849,Sodepur,North 24 parganas,West Bengal,#REF!,8961279610,,
850,Sodepur,North 24 parganas,West Bengal,#REF!,9046171176,,
851,Sodepur,North 24 parganas,West Bengal,#REF!,7003233917,,
852,Sodepur,North 24 parganas,West Bengal,#REF!,7318850680,,
853,Sonarpur,South 24 parganas,West Bengal,#REF!,7003473393,,
856,Serampore,Hooghly,West Bengal,#REF!,7003319134,,
857,Serampore,Hooghly,West Bengal,#REF!,9804006626,,
858,Barrackpore,North 24 parganas,West Bengal,#REF!,9331004610,,
860,Tollygunge,Kolkata,West Bengal,#REF!,8967280434,,
861,Tollygunge,Kolkata,West Bengal,#REF!,9831919933,,
865,Uttarpara,Hooghly,West Bengal,#REF!,9433115059,,
866,Uttarpara,Hooghly,West Bengal,#REF!,8276896675,,
867,Uttarpara,Hooghly,West Bengal,#REF!,9830383445,,
868,Uttarpara,Hooghly,West Bengal,#REF!,8240023694,,
869,Uttarpara,Hooghly,West Bengal,#REF!,9804886465,,
870,Uttarpara,Hooghly,West Bengal,#REF!,7947359645,,
871,Rajarhat,North 24 parganas,West Bengal,#REF!,9874280689,,
873,Nagerbajar,North 24 parganas,West Bengal,#REF!,9830400443,,
874,Durganagar,North 24 parganas,West Bengal,#REF!,9433782957,,
879,Dum dum,North 24 parganas,West Bengal,#REF!,6289235283,,
880,Kalindi,Purba medinipur,West Bengal,#REF!,"8335854941,70010 29440,9804353894",,
882,Dhakuria,South 24 parganas,West Bengal,#REF!,8777061451,,
883,South city,Kolkata,West Bengal,#REF!,7044202816,,
884,South kolkata,Kolkata,West Bengal,#REF!,9007307499,,
885,Hazra/kalighat,Kolkata,West Bengal,#REF!,9874118925,,
886,South kolkata,Kolkata,West Bengal,#REF!,7044074009,,
889,Bhawanipur,Kolkata,West Bengal,#REF!,9830108191,,
890,Mukundapur,South 24 parganas,West Bengal,#REF!,9433012943,,
891,Kalikapur,South 24 parganas,West Bengal,#REF!,9073190153,,
894,Durganagar,North 24 parganas,West Bengal,#REF!,9836287809,,
895,Dum dum,North 24 parganas,West Bengal,#REF!,7431974645,,
896,Dum dum,North 24 parganas,West Bengal,#REF!,9073562583,,
897,Baguiati,North 24 parganas,West Bengal,#REF!,8981186883,,
898,Dum dum,North 24 parganas,West Bengal,#REF!,6289837384,,
899,Sodepur,North 24 parganas,West Bengal,,9836958081,,
901,Birati,North 24 parganas,West Bengal,,9830070024,,
902,Kestopur,North 24 parganas,West Bengal,,7059564431,,
903,Saltlake,North 24 parganas,West Bengal,,8697242012 / 7439729315,,
904,New barrackpore,North 24 parganas,West Bengal,,9830361704,,
905,New barrackpore,North 24 parganas,West Bengal,,9433084447,,
907,Hooghly,Hooghly,West Bengal,,8961223738,,
908,Kasba,Kolkata,West Bengal,,9831067413,,
909,Hooghly,Hooghly,West Bengal,,9123762011,,
910,Katwa,Purba bardhaman,West Bengal,,94343 11962,,
915,Nadia,Nadia,West Bengal,,8637082106,,
916,Duttapukur,North 24 parganas,West Bengal,,7044031257,,
919,Habra,North 24 parganas,West Bengal,,9434102743,,
920,Krishnanagar,Nadia,West Bengal,,9.18E+11,,
921,Chandannagar,Hooghly,West Bengal,,9.19E+11,,
924,Chandannagar,Hooghly,West Bengal,,9123096167,,
926,Durganagar,North 24 parganas,West Bengal,,7003755117,,
929,Garia,South 24 parganas,West Bengal,,9051653106,,
932,Shibpur,Howrah,West Bengal,,"8910903643 , 9804144993",,
934,Kolkata,Kolkata,West Bengal,,9073562583,,
935,Hooghly,Hooghly,West Bengal,,6290991138,,
938,Basirhaat,North 24 parganas,West Bengal,,7001298449,,
940,Krishnanagar,Nadia,West Bengal,,8388992747,,
942,Barrackpore,North 24 parganas,West Bengal,,9123387873,,
943,Kestopur,North 24 parganas,West Bengal,,9331030293,,
945,Barasat,North 24 parganas,West Bengal,,9903877589,,
946,Mukundapur,South 24 parganas,West Bengal,,7890629585,,
947,Siliguri,Darjeeling,West Bengal,,9635967780,,
948,Durganagar,North 24 parganas,West Bengal,,8420303670,,
949,Lake market,Kolkata,West Bengal,,9836772966,,
952,Midnapore,Paschim medinipur,West Bengal,,9831194879,,
956,Kalindi,Purba medinipur,West Bengal,,9804353894,,
957,Rashbehari,Kolkata,West Bengal,,7001300023,,
959,Baruipur,South 24 parganas,West Bengal,,9903375306,,
962,Kalindi,Purba medinipur,West Bengal,,8335854941,,
963,Kolkata,Kolkata,West Bengal,,9089085252,,
967,Thakurpukur,South 24 parganas,West Bengal,,9007901645,,
968,Cooch behar,Cooch behar,West Bengal,,9434191482,,
969,Nadia,Nadia,West Bengal,,8640092764,,
970,Dunlop,North 24 parganas,West Bengal,,6289837384,,
972,Lake town,North 24 parganas,West Bengal,,9339790295,,
974,Beleghata,Kolkata,West Bengal,,"8697471310 , 9007908940",,
976,South howrah,Howrah,West Bengal,,8777023675,,
977,Ultadanga,Kolkata,West Bengal,,9674886559,,
981,New alipore,Kolkata,West Bengal,,9903323331,,
983,Katwa,Purba bardhaman,West Bengal,,9749450067,,
984,Kolkata,Kolkata,West Bengal,,9831067413,,
985,Ballygunge,Kolkata,West Bengal,,6290062623,,
987,Howrah,Howrah,West Bengal,,7980273336,,
988,Birati,North 24 parganas,West Bengal,,9830361704,,
993,Behala,South 24 parganas,West Bengal,,9051874959,,
994,Howrah,Howrah,West Bengal,,7998348002,,
995,Bongaon,North 24 parganas,West Bengal,,9733812238,,
996,Krishnanagar,Nadia,West Bengal,,8016602521,,
998,Berhampore,Murshidabad,West Bengal,,9434364512,,
1003,Malda,Maldah,West Bengal,,9733387176,,
1005,Belgharia,North 24 parganas,West Bengal,,9674871861,,
1007,Jadavpur,Kolkata,West Bengal,,9830025229,,
1009,Bankura,Bankura,West Bengal,,9.18E+11,,
1010,Kolkata,Kolkata,West Bengal,,8777765055,,
1011,Durgapur,Paschim bardhaman,West Bengal,,9832282062,,
1013,Saltlake,South 24 parganas,West Bengal,,7686862525,,
1014,Ballygunge,Kolkata,West Bengal,,9874255412,,
1015,Midnapore,Paschim medinipur,West Bengal,,9093630398,,
1017,Burdwan,Purba bardhaman,West Bengal,,7001029440,,
1018,Burdwan,Purba bardhaman,West Bengal,,9749450067,,
1019,Katwa,Purba bardhaman,West Bengal,,+91 9434311962,,
1025,Batanagar,South 24 parganas,West Bengal,,8910581313,,
1027,Jadavpur,Kolkata,West Bengal,,9830083350,,
1029,Siliguri,Darjeeling,West Bengal,,9163766883,,
1032,Bankura,Bankura,West Bengal,,7866855988,,
1033,Jadavpur,Kolkata,West Bengal,,9830048199,,
1034,Sodepur,North 24 parganas,West Bengal,,9051441342,,
1035,Jalpaigudi,Jalpaiguri,West Bengal,,9609947061,,
1036,Raiganj,Uttar dinajpur,West Bengal,,9800535529,,
1037,Berhampore,Murshidabad,West Bengal,,9434041123,,
1040,Howrah,Howrah,West Bengal,,79805 35835,,
1041,Serampore,Hooghly,West Bengal,,6290991138,,
1042,Lake town,North 24 parganas,West Bengal,,8335854941,,
1043,Dhakuria,South 24 parganas,West Bengal,,89100 09747,,
1044,Malda,Maldah,West Bengal,,82490 79470,,
1045,South kolkata,Kolkata,West Bengal,,9830237206,,
1046,Malda,Maldah,West Bengal,,97344 75423,,
1047,Belgharia,North 24 parganas,West Bengal,,9836721007,,
1048,Alambazar tantipara,North 24 parganas,West Bengal,,9143089258,,
1049,Purba medinipur,Purba medinipur,West Bengal,,8145822292,,
1050,Paikpara,Kolkata,West Bengal,,7003103243,,
1051,Murshidabad,Murshidabad,West Bengal,,9434364512,,
1052,Nimtabazar,North 24 parganas,West Bengal,,7003755117,,
1053,Garia,South 24 parganas,West Bengal,,98366 56427,,
1054,Barasat,North 24 parganas,West Bengal,,"91238 87131 , 97487 61456",,
1055,Behala,South 24 parganas,West Bengal,,6290985137,,
1056,Cooch behar,Cooch behar,West Bengal,,94341 91482,,
1057,Baranagar,North 24 parganas,West Bengal,,8100899303,,
1058,Birati,North 24 parganas,West Bengal,,7439645407,,
1059,Asansol,Paschim bardhaman,West Bengal,,9564884217,,
1060,Durgapur,Paschim bardhaman,West Bengal,,9378297049,,
1061,Dum dum,North 24 parganas,West Bengal,,9804353894,,
1062,Howrah,Howrah,West Bengal,,9804148878,,
1063,North kolkata,Kolkata,West Bengal,,7439773807,,
1065,Newtown,North 24 parganas,West Bengal,,9073562583,,
1066,Howrah,Howrah,West Bengal,,8910903643,,
1067,Dasnagar,Howrah,West Bengal,,8910820554,,
1068,Madhyamgram,North 24 parganas,West Bengal,,7439094981,,
1069,Jadavpur,Kolkata,West Bengal,,8910009747,,
1070,Baranagar,North 24 parganas,West Bengal,,7278263767,,
1071,Lake mall,Kolkata,West Bengal,,7665782835,,
1072,Dunlop,North 24 parganas,West Bengal,,9875651216,,
1073,Dhakuria,South 24 parganas,West Bengal,,8910009747,,
1074,East kolkata,Kolkata,West Bengal,,9734534943,,
1076,Madhyamgram,North 24 parganas,West Bengal,,6295694761,,
1077,Durgapur,Paschim bardhaman,West Bengal,,9735317722,,
1078,Dum dum,North 24 parganas,West Bengal,,8443003322,,
1079,Sonarpur,South 24 parganas,West Bengal,,9831143338,,
1080,Baranagar,North 24 parganas,West Bengal,,9432362856,,
1081,Garia,South 24 parganas,West Bengal,,9874165254,,
1082,Durganagar,North 24 parganas,West Bengal,,9832426365,,
1083,New barrackpore,North 24 parganas,West Bengal,,9903407629,,
1084,Kharagpur,Paschim medinipur,West Bengal,,94340 41123,,
1085,Nadia,Nadia,West Bengal,,9433394461,,
1086,Siliguri,Darjeeling,West Bengal,,9434019151,,
1087,Newtown,North 24 parganas,West Bengal,,98368 88976,,
1088,Batanagar,South 24 parganas,West Bengal,,89105 81313,,
1089,Durgapur,Paschim bardhaman,West Bengal,,9.2E+11,,
1090,Diamond harbour,South 24 parganas,West Bengal,,89105 81313,,
1091,Kakdwip,South 24 parganas,West Bengal,,89105 81313,,
1092,Sodepur,North 24 parganas,West Bengal,,90551441342,,
1093,Bongaon,North 24 parganas,West Bengal,,8918071202,,
1094,Sodepur,North 24 parganas,West Bengal,,9836184228,,
1095,Sodepur,North 24 parganas,West Bengal,,8698425012,,
1096,Sodepur,North 24 parganas,West Bengal,,7980015735,,
1097,Khardaha,North 24 parganas,West Bengal,,8697560044,,
1098,Kolkata,Kolkata,West Bengal,,8447390017,,
1099,Chinar park,South 24 parganas,West Bengal,,9.18E+11,,
1100,Dum dum,North 24 parganas,West Bengal,,9681578800,,
1101,Dum dum,North 24 parganas,West Bengal,,9831355912/9432651658,,
1102,Jadavpur,Kolkata,West Bengal,,9748847715,,
1103,Jadavpur,Kolkata,West Bengal,,7998109093,,
1104,Gariahat,Kolkata,West Bengal,,7866833414,,
1105,Burdwan,Purba bardhaman,West Bengal,,6294258672,,
1106,Madhyamgram,North 24 parganas,West Bengal,,9804454161,,
1107,Sinthi more,Kolkata,West Bengal,,8017740302,,
1108,Garia,South 24 parganas,West Bengal,,87774 05476,,
1109,Garia,South 24 parganas,West Bengal,,8116748355,,
1110,Garia,South 24 parganas,West Bengal,,9831272902,,
1111,Garia,South 24 parganas,West Bengal,,8800092319,,
1112,Garia,South 24 parganas,West Bengal,,7980661249,,
1113,Garia,South 24 parganas,West Bengal,,9874165254Â,,
1114,Garia,South 24 parganas,West Bengal,,6289880624,,
1115,Garia,South 24 parganas,West Bengal,,9836656427,,
1116,Gariahat,Kolkata,West Bengal,,9073208104,,
1117,Gariahat,Kolkata,West Bengal,,9903630971,,
1118,Jadavpur,Kolkata,West Bengal,,7980661249,,
1119,Kasba,Kolkata,West Bengal,,7980661249,,
1120,Behala,South 24 parganas,West Bengal,,7980661249,,
1121,Mukundapurâ ,Kolkata,West Bengal,,7890629585,,
1122,Dhakuria,South 24 parganas,West Bengal,,7890629585,,
1123,Jadavpur,Kolkata,West Bengal,,7890629585,,
1124,Jadavpur,Kolkata,West Bengal,,9836656427,,
1125,Baghajatin,Kolkata,West Bengal,,9836656427,,
1126,Jadavpur,Kolkata,West Bengal,,9831199333,,
1127,Garia,South 24 parganas,West Bengal,,9903547609,,
1128,Garia,South 24 parganas,West Bengal,,8617260548,,
1129,Garia,South 24 parganas,West Bengal,,8617293144,,
1130,Garia,South 24 parganas,West Bengal,,9831107660,,
1131,Garia,South 24 parganas,West Bengal,,8100615561,,
1132,Garia,South 24 parganas,West Bengal,,8777765055,,
1133,Garia,South 24 parganas,West Bengal,,9831143338,,
1134,Garia,South 24 parganas,West Bengal,,6289694338,,
1135,Garia,South 24 parganas,West Bengal,,9.84E+29,,
1136,Garia,South 24 parganas,West Bengal,,9903630971,,
1137,Garia,South 24 parganas,West Bengal,,7059484445,,
1138,Garia,South 24 parganas,West Bengal,,9433441450,,
1139,Garia,South 24 parganas,West Bengal,,9830023540,,
1140,Garia,South 24 parganas,West Bengal,,9073208104,,
1142,Garia,South 24 parganas,West Bengal,,7059323029,,
1143,Garia,South 24 parganas,West Bengal,,8617224256,,
1144,Dum dum,North 24 parganas,West Bengal,,9830680887,,
1145,Dum dum,North 24 parganas,West Bengal,,9433119656,,
1146,Dum dum,North 24 parganas,West Bengal,,9800055678,,
1147,Dum dum,North 24 parganas,West Bengal,,9431119656,,
1148,Dum dum,North 24 parganas,West Bengal,,7439175645,,
1149,Dum dum,North 24 parganas,West Bengal,,9433782957,,
1150,Dum dum,North 24 parganas,West Bengal,,9804230307,,
1151,Dum dum,North 24 parganas,West Bengal,,9007427926,,
1152,Dum dum,North 24 parganas,West Bengal,,9748613508,,
1153,Dum dum,North 24 parganas,West Bengal,,9830361704,,
1154,Dum dum,North 24 parganas,West Bengal,,9433084447,,
1155,Dum dum,North 24 parganas,West Bengal,,7439174645,,
1156,Dum dum,North 24 parganas,West Bengal,,8420906633,,
1157,Dum dum,North 24 parganas,West Bengal,,7003656667,,
1158,Dum dum,North 24 parganas,West Bengal,,9674903883,,
1159,Dum dum,North 24 parganas,West Bengal,,9007915501,,
1160,Saltlake,South 24 parganas,West Bengal,,7439174645Â,,
1161,Saltlake,South 24 parganas,West Bengal,,9674903883,,
1162,Saltlake,South 24 parganas,West Bengal,,7003317392,,
1163,Saltlake,South 24 parganas,West Bengal,,6289235283,,
1164,Behala,South 24 parganas,West Bengal,,9830179101Â,,
1165,Behala,South 24 parganas,West Bengal,,7044357444,,
1166,Behala,South 24 parganas,West Bengal,,9696022022Â,,
1167,Howrah,Howrah,West Bengal,,9804264043,,
1168,South kolkata,Kolkata,West Bengal,,9830596265Â,,
1169,Garia,South 24 parganas,West Bengal,,9674903883,,
1170,Baghajatin,Kolkata,West Bengal,,9330931322,,
1171,Jadavpur,Kolkata,West Bengal,,9748683892,,
1172,Baghajatin,Kolkata,West Bengal,,9830083350,,
1173,Behala,South 24 parganas,West Bengal,,9830083350,,
1174,Behala,South 24 parganas,West Bengal,,9830237206,,
1175,Behala,South 24 parganas,West Bengal,,8013985515,,
1176,Jadavpur,Kolkata,West Bengal,,9830023540,,
1177,Behala,South 24 parganas,West Bengal,,8910898785,,
1178,Behala,South 24 parganas,West Bengal,,9007882261,,
1179,Behala,South 24 parganas,West Bengal,,8617224256,,
1180,Behala,South 24 parganas,West Bengal,,9831523226,,
1181,Rashbehari,Kolkata,West Bengal,,9831205205,,
1182,Garia,South 24 parganas,West Bengal,,7947405771,,
1183,Gariahat,Kolkata,West Bengal,,7059323029,,
1184,Gariahat,Kolkata,West Bengal,,7044074009,,
1185,Tollygunge,Kolkata,West Bengal,,9073208104,,
1186,Garia,South 24 parganas,West Bengal,,9831919933,,
1187,Jadavpur,Kolkata,West Bengal,,7059323029,,
1188,Kasba,Kolkata,West Bengal,,9830048199,,
1189,Rashbehari,Kolkata,West Bengal,,9874843794,,
1190,South kolkata,Kolkata,West Bengal,,9163766883,,
1191,South kolkata,Kolkata,West Bengal,,7003734340,,
1192,South kolkata,Kolkata,West Bengal,,9836035945,,
1193,South kolkata,Kolkata,West Bengal,,9432362856,,
1194,South kolkata,Kolkata,West Bengal,,9674903883,,
1195,Baghajatin,Kolkata,West Bengal,,9831919933,,
1196,Park circus,Kolkata,West Bengal,,9064464248,,
1197,South kolkata,Kolkata,West Bengal,,8420266335,,
1198,South kolkata,Kolkata,West Bengal,,9748847715,,
1199,South kolkata,Kolkata,West Bengal,,9831919933,,
1200,South kolkata,Kolkata,West Bengal,,9836237754,,
1201,Golf green,Kolkata,West Bengal,,9831919933,,
1202,South kolkata,Kolkata,West Bengal,,9874843794,,
1203,South kolkata,Kolkata,West Bengal,,8013985515,,
1204,South kolkata,Kolkata,West Bengal,,9734534943,,
1205,South kolkata,Kolkata,West Bengal,,9831213493,,
1206,Ballygunge,Kolkata,West Bengal,,9831213495,,
1207,Behala,South 24 parganas,West Bengal,,9874255412,,
1208,Rashbehari,Kolkata,West Bengal,,9883214778,,
1209,Kasba,Kolkata,West Bengal,,9163766883,,
1210,Jadavpur,Kolkata,West Bengal,,7980129243,,
1211,Garia,South 24 parganas,West Bengal,,9836542541,,
1212,North kolkata,Kolkata,West Bengal,,9330931322,,
1213,North kolkata,Kolkata,West Bengal,,8777068225,,
1214,North kolkata,Kolkata,West Bengal,,8420184573,,
1215,North kolkata,Kolkata,West Bengal,,8981222432,,
1216,North kolkata,Kolkata,West Bengal,,84201 84573,,
1217,North kolkata,Kolkata,West Bengal,,80131 80306,,
1218,North kolkata,Kolkata,West Bengal,,89067 67024,,
1219,Baguiati,North 24 parganas,West Bengal,,74391 74645,,
1220,Baguiati,North 24 parganas,West Bengal,,9674371978,,
1221,Baguiati,North 24 parganas,West Bengal,,8697310965,,
1222,Baguiati,North 24 parganas,West Bengal,,9830724094,,
1223,Baguiati,North 24 parganas,West Bengal,,9883235935,,
1224,Nagerbajar,North 24 parganas,West Bengal,,9674371978,,
1225,Nagerbajar,North 24 parganas,West Bengal,,8697310965,,
1226,Nagerbajar,North 24 parganas,West Bengal,,9830724094,,
1227,Nagerbajar,North 24 parganas,West Bengal,,9883235935,,
1228,Nagerbajar,North 24 parganas,West Bengal,,8910705448,,
1229,Chinar park,South 24 parganas,West Bengal,,9674371978,,
1230,Chinar park,South 24 parganas,West Bengal,,8697310965,,
1231,Chinar park,South 24 parganas,West Bengal,,9830724094,,
1232,Chinar park,South 24 parganas,West Bengal,,9883235935,,
1233,Chinar park,South 24 parganas,West Bengal,,8910705448,,
1234,Habra,North 24 parganas,West Bengal,,9734983811,,
1235,Habra,North 24 parganas,West Bengal,,9064629751,,
1236,Madhyamgram,North 24 parganas,West Bengal,,8777027437,,
1237,Madhyamgram,North 24 parganas,West Bengal,,6290007267,,
1238,Madhyamgram,North 24 parganas,West Bengal,,9007307499,,
1239,Madhyamgram,North 24 parganas,West Bengal,,9433484556,,
1240,Madhyamgram,North 24 parganas,West Bengal,,9830126245,,
1241,Madhyamgram,North 24 parganas,West Bengal,,9007915501,,
1242,Madhyamgram,North 24 parganas,West Bengal,,9830070024,,
1243,Madhyamgram,North 24 parganas,West Bengal,,8296994447,,
1244,Saltlake,South 24 parganas,West Bengal,,9830179101,,
1245,Saltlake,South 24 parganas,West Bengal,,7439977545,,
1246,Howrah,Howrah,West Bengal,,9007024466,,
1247,Newtown,North 24 parganas,West Bengal,,9836888976,,
1248,Baranagar,North 24 parganas,West Bengal,,6289837384,,
1249,Kharagpur,Paschim medinipur,West Bengal,,91534 54048,,
1250,Kharagpur,Paschim medinipur,West Bengal,,8436265193,,
1251,Kharagpur,Paschim medinipur,West Bengal,,9831194879,,
1252,Kharagpur,Paschim medinipur,West Bengal,,3222253648,,
1253,Kharagpur,Paschim medinipur,West Bengal,,9064256818,,
1254,Kharagpur,Paschim medinipur,West Bengal,,9933435206/8293377093/7719380542,,
1255,Kharagpur,Paschim medinipur,West Bengal,,7001573014,,
1256,Kharagpur,Paschim medinipur,West Bengal,,9093630398,,
1257,Midnapore,Paschim medinipur,West Bengal,,8145822292,,
1258,Midnapore,Paschim medinipur,West Bengal,,7980154348,,
1259,Midnapore,Paschim medinipur,West Bengal,,9932867535,,
1260,Midnapore,Paschim medinipur,West Bengal,,9564849757,,
1261,Kharagpur,Paschim medinipur,West Bengal,,9434042302,,
1262,Kharagpur,Paschim medinipur,West Bengal,,9474974470,,
1263,Kharagpur,Paschim medinipur,West Bengal,,9434158802,,
1264,Kharagpur,Paschim medinipur,West Bengal,,9002291842,,
1265,Kharagpur,Paschim medinipur,West Bengal,,9933435206,,
1266,Kharagpur,Paschim medinipur,West Bengal,,8293377093,,
1267,Kharagpur,Paschim medinipur,West Bengal,,7719380542,,
1268,Kharagpur,Paschim medinipur,West Bengal,,3222253648,,
1269,Midnapore,Paschim medinipur,West Bengal,,7678651413,,
1270,Midnapore,Paschim medinipur,West Bengal,,32220264132,,
1271,Egra,Purba medinipur,West Bengal,,9734534943,,
1272,Tamluk,Purba medinipur,West Bengal,,9333846649,,
1273,Kalyani,Nadia,West Bengal,,8013011276,,
1274,Dum dum,North 24 parganas,West Bengal,,9431119656,,
1275,Dum dum,North 24 parganas,West Bengal,,7439174645,,
1276,Dum dum,North 24 parganas,West Bengal,,9433782957,,
1277,Durganagar,North 24 parganas,West Bengal,,9433782957,,
1278,Baghajatin,Kolkata,West Bengal,,9064464248,,
1279,Baghajatin,Kolkata,West Bengal,,9748683892,,
1280,Jadavpur,Kolkata,West Bengal,,7059484445,,
1281,Jadavpur,Kolkata,West Bengal,,9163548320,,
1282,Jadavpur,Kolkata,West Bengal,,9163554812,,
1283,Jadavpur,Kolkata,West Bengal,,9748683892 / 9830083350,,
1284,Baghajatin,Kolkata,West Bengal,,9748683892 / 9830083350,,
1285,Baghajatin,Kolkata,West Bengal,,6290552908,,
1286,Baghajatin,Kolkata,West Bengal,,9831510223,,
1287,Garia,South 24 parganas,West Bengal,,9330931322,,
1288,Baghajatin,Kolkata,West Bengal,,8017711721,,
1289,Barasat,North 24 parganas,West Bengal,,9748761458,,
1290,Beleghata,Kolkata,West Bengal,,8697471310,,
1291,Bally,Howrah,West Bengal,,7044652869,,
1292,Bally,Howrah,West Bengal,,8961995266,,
1293,Bally,Howrah,West Bengal,,8240750916,,
1294,Serampore,Hooghly,West Bengal,,7044652869,,
1295,Serampore,Hooghly,West Bengal,,8961995266,,
1296,Serampore,Hooghly,West Bengal,,8240750916,,
1297,Bally,Howrah,West Bengal,,9038585683,,
1298,Bally,Howrah,West Bengal,,8276896675,,
1299,Khardaha,North 24 parganas,West Bengal,,8777206695,,
1300,Barrackpore,North 24 parganas,West Bengal,,9903407629,,
1301,Barrackpore,North 24 parganas,West Bengal,,9748641292,,
1302,Sodepur,North 24 parganas,West Bengal,,9230629923,,
1303,Khardaha,North 24 parganas,West Bengal,,9051441342,,
1304,New barrackpore,North 24 parganas,West Bengal,,6290007276,,
1305,Barrackpore,North 24 parganas,West Bengal,,9089085252,,
1306,Barrackpore,North 24 parganas,West Bengal,,8697381082,,
1307,Barrackpore,North 24 parganas,West Bengal,,9733617757,,
1308,Barasat,North 24 parganas,West Bengal,,9830646397,,
1309,Barasat,North 24 parganas,West Bengal,,9836381501,,
1310,Barasat,North 24 parganas,West Bengal,,6295694761,,
1311,Barasat,North 24 parganas,West Bengal,,9.19749E+11,,
1312,Barasat,North 24 parganas,West Bengal,,9.19904E+11,,
1313,Barasat,North 24 parganas,West Bengal,,8336082447,,
1314,Barasat,North 24 parganas,West Bengal,,9830070024,,
1315,Barasat,North 24 parganas,West Bengal,,9007915501,,
1316,Barasat,North 24 parganas,West Bengal,,9748761456,,
1317,Barasat,North 24 parganas,West Bengal,,7059564431,,
1318,Belur,Howrah,West Bengal,,9038585683,,
